Company,Company ID,First name,Surname,Postcode,Email
RISUS NUNC PC,AD0833595383388242651032,Kelly,Simmons,22756,euismod.urna.Nullam@ametluctus.org
LIBERO DONEC CONSECTETUER LLP,AD5849436798276194951296,Illana,Tyler,70030,vestibulum@egestasFusce.org
RUTRUM NON PC,AL47992650115975242309412187,Acton,Campbell,74464,Curae.Donec.tincidunt@cursusaenim.co.uk
ID BLANDIT INCORPORATED,AT112986443220492722,Colton,Sanders,5716,Cras@iaculisquispede.ca
LUCTUS UT PELLENTESQUE INDUSTRIES,AT394768369524819764,Odette,Moss,37926,tellus@consectetuermauris.org
DOLOR FOUNDATION,AT706621819419409026,Carter,Carter,47828,Nunc@maurissagittis.org
ACCUMSAN LIMITED,AZ15937757866029991593592561,Elaine,Espinoza,80644,orci.Phasellus@Morbinonsapien.org
MALESUADA INTEGER ID INSTITUTE,AZ37539185587325180350068253,Orson,Key,5241,odio.a.purus@non.ca
ELEMENTUM AT LTD,BA238833964163039539,Marah,Mcclain,55805,euismod.in.dolor@semperrutrumFusce.net
VULPUTATE POSUERE VULPUTATE FOUNDATION,BE04833815689818,Mechelle,Rush,74710,est@lacinia.net
FELIS COMPANY,BE07230956933334,Hamilton,Luna,56380,vitae.semper.egestas@neceleifend.ca
SIT INDUSTRIES,BE14688500072856,Lois,Ayers,15840,odio@sapienCrasdolor.ca
LOBORTIS NISI PC,BH25968625900294601029,Joel,Donaldson,37555,interdum@sedturpis.edu
ULTRICES VIVAMUS RHONCUS CONSULTING,CH9603542831698563912,Ishmael,Neal,58824,eget@risusDonec.net
SED FOUNDATION,CZ3636941995979991799427,Moses,Mckee,81605,arcu.imperdiet@lacusvestibulumlorem.edu
VITAE PC,CZ4128521877605763532448,Jaime,Waters,40260,Sed@ullamcorper.ca
NIBH ALIQUAM CORP.,CZ4451787176780742708870,Alexander,Frank,76954,diam.nunc.ullamcorper@porttitorerosnec.com
NULLAM INDUSTRIES,CZ7492457474890802764746,Joshua,Pope,20964,erat.eget@vitaesemperegestas.ca
SEM VITAE INCORPORATED,CZ9029123669971429850950,Portia,Klein,79680,consectetuer.adipiscing@a.org
MI CORP.,DE43235735546270617917,Linus,Cleveland,35890,vitae.risus.Duis@Quisqueornare.net
EGESTAS INDUSTRIES,EE084570723927057560,Ryder,Knapp,32341,felis.ullamcorper@estconguea.co.uk
NULLA IN TINCIDUNT ASSOCIATES,EE549067266725648080,Pearl,Williams,91423,posuere@egestas.net
DICTUM LLP,EE555374570771833065,Rebecca,Bond,6973,amet.diam@turpis.com
PELLENTESQUE UT FOUNDATION,ES1884087195838733766704,Gregory,Baird,95303,nisi.nibh.lacinia@eu.ca
NEC MALESUADA UT INSTITUTE,ES3619333624584565411377,Alden,Bush,60460,pede.Nunc@arcuimperdietullamcorper.co.uk
TINCIDUNT TEMPUS INDUSTRIES,ES5840630376008990715792,Adam,Saunders,26418,quis.pede@gravidaPraesent.co.uk
EGET LAOREET CONSULTING,FI2581844505152321,Ima,Whitaker,84241,consectetuer.cursus.et@sodales.com
IPSUM CORP.,FI5943407149598671,Chaim,Merritt,7868,nec.tellus@vitae.co.uk
FRINGILLA LIMITED,FI6556091853471115,Maryam,Dalton,39689,nec.tempus.mauris@semmollisdui.co.uk
UT NULLA LLC,FO1720974158703340,Orson,Holman,31951,consequat.nec@egestas.net
VEL ARCU FOUNDATION,FO7444787528436843,Jaden,Collins,24749,amet.ornare@odiosagittis.co.uk
SED ORCI COMPANY,FR3028230674389856021986655,Yvonne,Holcomb,34748,libero.et@mi.com
CONSECTETUER CURSUS LLC,GB07IKUM57235442728680,Roth,Sharpe,24019,aliquam.eu@malesuada.org
IMPERDIET ORNARE ASSOCIATES,GB46OXEF88480659916871,Timon,Roberson,23638,Integer.in.magna@sodaleseliterat.org
ANTE LTD,GB77DWXH12303574957231,Denton,Klein,78121,sed@ornare.com
DICTUM ELEIFEND NUNC INCORPORATED,GL8371042643669307,Kaseem,Rice,962,ipsum.primis@felis.net
NULLAM LOBORTIS INC.,GT09468277033550512796439370,Uriah,Travis,10441,gravida@justoeu.edu
CONGUE CORP.,GT56094549658773256340692648,Zelda,Ryan,73210,tincidunt.dui@ametdapibusid.edu
PRAESENT LLC,GT69271084408110986663802755,Stuart,Soto,32966,augue.ac@arcuAliquamultrices.co.uk
FEUGIAT COMPANY,HR3983231480659742755,Miranda,Delaney,21560,at.velit@Sed.org
FEUGIAT PLACERAT LIMITED,HU38779039511591982821505394,Felicia,Farley,28755,ut.pharetra.sed@nibhsit.co.uk
IN CURSUS ET PC,HU84140235137092492019448485,Timothy,Pope,7710,luctus.Curabitur.egestas@sit.org
SAPIEN MOLESTIE LIMITED,IE68NBIA26439385197482,Jeremy,Brooks,75426,neque@Donecest.co.uk
AUCTOR COMPANY,IL122162251881363481798,Karyn,Peters,90957,Sed.nunc.est@asollicitudinorci.ca
IPSUM PC,IL438893435096255777259,Amal,Quinn,83140,eu@Phasellus.org
MAURIS UT CONSULTING,IL544925348007528728549,Rashad,Murray,51849,laoreet@nascetur.org
NAM CONSEQUAT DOLOR INDUSTRIES,IS204306763159575437460347,Keegan,Wells,35604,Morbi.sit@tellus.edu
LOREM IPSUM INDUSTRIES,IS249486480298888207348838,Patricia,Madden,89324,scelerisque.neque@Pellentesqueultriciesdignissim.net
ELEMENTUM PURUS ACCUMSAN INDUSTRIES,IS375460395784543834701226,Jemima,Johns,9712,arcu@Proinvel.net
CONSECTETUER EUISMOD LLC,IT489MHKTI58380002101804435,Kelly,Horton,70561,ornare.sagittis.felis@nisi.ca
VEHICULA PC,IT617FKFKI68991671283461524,Keegan,Larsen,5497,velit@facilisisSuspendissecommodo.com
INTEGER LTD,LT255262012576413940,Sylvia,Neal,64250,eget.volutpat.ornare@pedeCras.co.uk
LACINIA ORCI CONSECTETUER PC,LT437775259523852135,Lydia,Warren,32553,ipsum@molestie.net
MAGNA FOUNDATION,LU789280349703789815,Stella,Barnes,99449,elit.dictum.eu@Quisquepurus.net
DOLOR QUISQUE PC,LV05JYUC0130171065508,Ciara,Bowers,80296,est.mollis.non@nibh.co.uk
NUNC ID ENIM LIMITED,LV18PDVS8746482624928,Linus,Hunter,95479,Praesent@velit.co.uk
ORCI INCORPORATED,MC6325406374029056371905016,Sigourney,Barrera,72826,mauris.Integer@egestasligula.edu
NULLA SEMPER PC,MD0298798717256491134997,Abigail,Ewing,88408,Morbi@semsemper.ca
NISL ELEMENTUM FOUNDATION,MD2418606048779067223843,Thor,Richardson,65355,fringilla@malesuadautsem.edu
ODIO INSTITUTE,ME30982913639560134640,Ivory,Richard,98057,pharetra.nibh@pellentesqueafacilisis.edu
IN ASSOCIATES,ME74968791648600173433,Nash,Marquez,88892,aliquam.eu@rutrum.net
IN CORP.,MK22993598576417918,Owen,Reyes,88979,magna.Cras@nibh.ca
RIDICULUS INSTITUTE,MK89401142202039876,Connor,Combs,15247,elementum.sem@perinceptos.co.uk
ID LTD,MT42ABRW32317480405070233224334,Doris,Maddox,26433,nibh@loremsemperauctor.ca
EGET VARIUS ULTRICES INDUSTRIES,MT87ZCQZ45049353875755364250030,Denise,Forbes,16682,et@ullamcorper.com
ELEMENTUM DUI CONSULTING,MT94XCPA04987678255404608006355,Jennifer,Lang,78980,a@fermentum.co.uk
A ASSOCIATES,MU3078320533470958646630771434,Zelda,Bridges,53674,consequat@CuraePhasellus.org
VEL ARCU CURABITUR FOUNDATION,NL07SYRO6758004964,Alan,Brooks,70333,Aliquam.adipiscing@tortor.com
AUCTOR NON FEUGIAT CORPORATION,NL83ZWAJ4204089617,Chastity,Hayes,67608,convallis.dolor@quamdignissimpharetra.edu
NUNC SIT AMET FOUNDATION,NO6641790931190,Emma,Hogan,70835,eros.nec.tellus@inmagnaPhasellus.com
DOLOR FUSCE MI LLP,NO7540183993914,Gabriel,Coffey,39900,faucibus.Morbi.vehicula@sagittis.net
MAURIS LIMITED,PL69814558518314437789009120,Tyrone,Gamble,69308,nascetur.ridiculus.mus@Duis.co.uk
MAGNIS PC,PS510157446541211530338981933,Cameron,Hickman,78513,Integer@ametconsectetueradipiscing.org
AC INC.,RO46YBKD4600613645353561,Bianca,Christensen,43835,turpis@tinciduntnibhPhasellus.ca
TURPIS INC.,RO94ACQO2954333633178760,Nigel,Orr,25190,odio.Nam.interdum@sodales.net
DIAM LTD,RS17822084486263595013,Imelda,Hubbard,15817,Sed@In.org
ORNARE LECTUS CORPORATION,RS38319189195205216274,Jaquelyn,Stanley,96319,magnis@dis.org
NON LIMITED,RS58028660720825566047,Charity,Schmidt,93075,at.auctor@lacus.com
SODALES LLP,RS69623057457348482793,Simone,Mcfarland,77796,dui.in@et.edu
NUNC COMPANY,RS72494425641402952862,Gisela,Reynolds,20675,ultrices.posuere.cubilia@Sed.net
ENIM SIT AMET LIMITED,RS92539961477068835548,Brady,Doyle,432666,ut.ipsum.ac@nuncQuisqueornare.org
EU LLC,SA4765654430725742582173,Harding,Obrien,62813,lorem.semper.auctor@Phasellusvitae.edu
PROIN VELIT SED INDUSTRIES,SE6758407744272853420484,Magee,Phelps,88361,nibh.lacinia.orci@sit.org
SEM SEMPER CORPORATION,SE7039263641777885831168,Wanda,Brooks,80037,a@nonante.com
DIAM ASSOCIATES,SE7561126450413060609341,Sydnee,Pennington,35897,lobortis@Duisvolutpat.co.uk
RISUS INC.,SE8197766378759976233157,Myles,Aguirre,34590,urna@egetmetus.ca
ACCUMSAN INDUSTRIES,SE9653082341136534033277,Macey,Morris,84076,montes.nascetur@leoVivamus.com
VARIUS ASSOCIATES,SI06308297087413628,Judith,Avery,12481,dolor@risus.ca
DONEC TINCIDUNT DONEC FOUNDATION,SI51089209048962477,Fallon,Moreno,66888,Nullam.velit.dui@ettristique.org
TEMPOR ARCU VESTIBULUM CORPORATION,SI81263220506240060,Ann,Flores,51870,facilisis@vel.org
NON LACINIA AT CONSULTING,SI97898751212448166,Zephania,Guy,7600,eu@In.co.uk
MONTES LLP,SK5133351184615017596314,Celeste,Quinn,52598,elit@semvitae.net
AENEAN EGET METUS PC,SK9731581373208117260500,Rhona,Webb,35164,placerat.orci.lacus@ornareIn.edu
NEC QUAM INCORPORATED,TR412524837787332605523755,Echo,Sanders,85508,aliquet.diam@mollisnoncursus.edu
NISI CUM SOCIIS CORPORATION,TR671791841823484734159435,Fay,Calhoun,86815,Vestibulum.accumsan.neque@euismodurna.ca
GRAVIDA FOUNDATION,TR729188509373842450961594,Zelenia,Brennan,39376,aliquet@porttitor.com
TORTOR LTD,VG3528685764044969353912,Winifred,Jacobs,18668,non@ut.edu