Company,Company ID,First name,Surname
Auctor Non Feugiat Corporation,NL83ZWAJ4204089617,Chastity,HAYES
Sit Industries,BE14688500072856,Lois,AYERS
Rutrum Non PC,AL47992650115975242309412187,Acton,CAMPBELL
Nunc Sit Amet Foundation,NO6641790931190,Emma,HOGAN
Ante Ltd,GB77DWXH12303574957231,Denton,KLEIN
A Associates,MU3078320533470958646630771434,Zelda,BRIDGES
Sem Semper Corporation,SE7039263641777885831168,Wanda,BROOKS
Consectetuer Euismod LLC,IT489MHKTI58380002101804435,Kelly,HORTON
Feugiat Placerat Limited,HU38779039511591982821505394,Felicia,FARLEY
Non Limited,RS58028660720825566047,Charity,SCHMIDT
In Corp.,MK22993598576417918,Owen,REYES
Ut Nulla LLC,FO1720974158703340,Orson,HOLMAN
Sed Foundation,CZ3636941995979991799427,Moses,MCKEE
Vel Arcu Foundation,FO7444787528436843,Jaden,COLLINS
Nam Consequat Dolor Industries,IS204306763159575437460347,Keegan,WELLS
Elementum Dui Consulting,MT94XCPA04987678255404608006355,Jennifer,LANG
Mauris Limited,PL69814558518314437789009120,Tyrone,GAMBLE
Vel Arcu Curabitur Foundation,NL07SYRO6758004964,Alan,BROOKS
Mi Corp.,DE43235735546270617917,Linus,CLEVELAND
Proin Velit Sed Industries,SE6758407744272853420484,Magee,PHELPS
Aenean Eget Metus PC,SK9731581373208117260500,Rhona,WEBB
Luctus Ut Pellentesque Industries,AT394768369524819764,Odette,MOSS
Diam At Consulting,SK8301832755700851961326,Quincy,WILEY
Fringilla Limited,FI6556091853471115,Maryam,DALTON
Nunc Company,RS72494425641402952862,Gisela,REYNOLDS
Ac Inc.,RO46YBKD4600613645353561,Bianca,CHRISTENSEN
Montes LLP,SK5133351184615017596314,Celeste,QUINN
Sed Orci Company,FR3028230674389856021986655,Yvonne,HOLCOMB
Eget Laoreet Consulting,FI2581844505152321,Ima,WHITAKER
Nisi Cum Sociis Corporation,TR671791841823484734159435,Fay,CALHOUN
Ipsum Corp.,FI5943407149598671,Chaim,MERRITT
Praesent LLC,GT69271084408110986663802755,Stuart,SOTO
In Associates,ME74968791648600173433,Nash,MARQUEZ
Elementum Purus Accumsan Industries,IS375460395784543834701226,Jemima,JOHNS
Risus Inc.,SE8197766378759976233157,Myles,AGUIRRE
Integer Ltd,LT255262012576413940,Sylvia,NEAL
Vulputate Posuere Vulputate Foundation,BE04833865689818,Mechelle,RUSH
Id Ltd,MT42ABRW32317480405070233224334,Doris,MADDOX
Ultrices Vivamus Rhoncus Consulting,CH9603542831698563912,Ishmael,NEAL
Accumsan Industries,SE9653082341136534033277,Macey,MORRIS
Tincidunt Tempus Industries,ES5840630376008990715792,Adam,SAUNDERS
Dictum LLP,EE555374570771833065,Rebecca,BOND
Dictum Eleifend Nunc Incorporated,GL8371042643669307,Kaseem,RICE
Sem Vitae Incorporated,CZ9029123669971429850950,Portia,KLEIN
Gravida Foundation,TR729188509373842450961594,Zelenia,BRENNAN
Dolor Fusce Mi LLP,NO7540183993914,Gabriel,COFFEY
Auctor Company,IL122162251881363481798,Karyn,PETERS
Nec Quam Incorporated,TR412524837787332605523755,Echo,SANDERS
Tempor Arcu Vestibulum Corporation,SI81263220506240060,Ann,FLORES
Congue Corp.,GT56094549658773256340692648,Zelda,RYAN
